<?xml version="1.0" encoding="utf-8" standalone="yes"?>
<accounts count="6">
	<account>
		<username>Gizmo</username>
		<newCryptPassword>82-D1-C9-5D-C8-AC-5A-00-01-6B-08-A1-BA-06-5B-CB-69-F4-BF-4E</newCryptPassword>
		<accessLevel>GameMaster</accessLevel>
		<created>2009-09-19T19:06:32.71875+02:00</created>
		<lastLogin>2009-10-11T00:25:15.953125+02:00</lastLogin>
		<totalGameTime>P1DT6H19M51.707883S</totalGameTime>
		<chars />
		<addressList count="4">
			<ip>127.0.0.1</ip>
			<ip>96.22.228.6</ip>
			<ip>96.20.159.113</ip>
			<ip>24.200.127.96</ip>
		</addressList>
	</account>
	<account>
		<username>Maze</username>
		<newCryptPassword>DF-F6-D8-38-E1-FF-C9-56-C0-94-BB-2D-6A-1F-C9-83-74-73-20-A6</newCryptPassword>
		<accessLevel>Administrator</accessLevel>
		<flags>2</flags>
		<created>2009-09-20T20:25:29.65625+02:00</created>
		<lastLogin>2009-10-11T02:12:32.109375+02:00</lastLogin>
		<totalGameTime>P2DT5H42M28.078125S</totalGameTime>
		<chars />
		<addressList count="2">
			<ip>127.0.0.1</ip>
			<ip>96.20.159.113</ip>
		</addressList>
	</account>
	<account>
		<username>Nexam</username>
		<newCryptPassword>BB-DA-D9-86-73-50-35-9A-CF-15-9D-B5-E2-54-AA-62-5C-D6-4B-71</newCryptPassword>
		<accessLevel>Owner</accessLevel>
		<created>2009-09-20T21:44:37.875+02:00</created>
		<lastLogin>2009-10-11T23:42:32.0568256+02:00</lastLogin>
		<totalGameTime>PT10H49M32.1660037S</totalGameTime>
		<chars>
			<char index="0">1</char>
		</chars>
		<addressList count="15">
			<ip>86.216.43.63</ip>
			<ip>86.216.204.53</ip>
			<ip>86.216.90.157</ip>
			<ip>83.113.202.100</ip>
			<ip>83.113.193.29</ip>
			<ip>86.216.94.146</ip>
			<ip>86.216.44.46</ip>
			<ip>86.209.10.188</ip>
			<ip>86.216.178.102</ip>
			<ip>86.216.89.157</ip>
			<ip>86.216.211.79</ip>
			<ip>86.209.11.127</ip>
			<ip>86.216.46.166</ip>
			<ip>86.216.181.115</ip>
			<ip>127.0.0.1</ip>
		</addressList>
	</account>
	<account>
		<username>Styx</username>
		<newCryptPassword>29-AC-E7-F9-DB-27-30-22-D4-D8-B4-F8-11-71-89-4F-D8-39-CD-D5</newCryptPassword>
		<accessLevel>GameMaster</accessLevel>
		<created>2009-09-30T23:33:57.109375+02:00</created>
		<lastLogin>2009-10-10T15:38:49.359375+02:00</lastLogin>
		<totalGameTime>P1DT15H21M56.359375S</totalGameTime>
		<chars />
		<addressList count="1">
			<ip>85.68.62.90</ip>
		</addressList>
	</account>
	<account>
		<username>Snooz</username>
		<newCryptPassword>A6-FE-24-44-DB-D0-2F-5A-FC-EA-26-45-3C-BB-D5-15-2E-37-CE-94</newCryptPassword>
		<accessLevel>GameMaster</accessLevel>
		<created>2009-10-02T04:58:39.25+02:00</created>
		<lastLogin>2009-10-02T04:58:39.25+02:00</lastLogin>
		<totalGameTime>PT0S</totalGameTime>
		<chars />
	</account>
	<account>
		<username>Vidar</username>
		<newCryptPassword>5F-B0-A3-BA-F7-31-AC-1C-F1-78-EA-56-90-85-22-BD-34-88-86-C4</newCryptPassword>
		<accessLevel>GameMaster</accessLevel>
		<created>2009-10-03T21:51:57.921875+02:00</created>
		<lastLogin>2009-10-04T23:40:34.0625+02:00</lastLogin>
		<totalGameTime>PT6H16M34.609375S</totalGameTime>
		<chars />
		<addressList count="1">
			<ip>206.41.84.44</ip>
		</addressList>
	</account>
</accounts>